Cálculo em uma Variável;Segunda feira;IC - Angelo / Renato;8h00 - 10h00
Cálculo em uma Variável;Segunda feira;ID - Thiago Castilho / Karen;8h00 - 10h00
Química Geral (reof);Segunda feira;IE - Dayane;8h00 - 10h00
Cálculo em uma Variável;Terça;IC - Angelo / Renato;8h00 - 10h00
Lab. Matemática;Terça;ID - Karen;8h00 - 10h00
Fundamentos de Biologia Moderna;Quarta;IAB - Cláudia;8h00 - 10h00
Fundamentos de Biologia Moderna;Quarta;ICD - Andre;8h00 - 10h00
Cálculo em uma Variável;Quinta;IC - Angelo / Renato;8h00 - 10h00
Cálculo em uma Variável;Quinta;ID - Thiago Castilho / Karen;8h00 - 10h00
Fundamentos de Biologia Moderna;Sexta;IAB - Cláudia;8h00 - 10h00
Fundamentos de Biologia Moderna;Sexta;ICD - Andre;8h00 - 10h00
Cálculo em uma Variável;Segunda feira;IA - Angelo / Renato;10h00-12h00
Cálculo em uma Variável;Segunda feira;IB - Thiago Castilho / Karen;10h00-12h00
Química Geral (reof);Segunda feira;IE - Dayane;10h00-12h00
Cálculo em uma Variável;Terça;IA - Angelo / Renato;10h00-12h00
Lab. Matemática;Terça;IB - Karen;10h00-12h00
Cálculo em uma Variável;Quarta;IB - Thiago Castilho / Karen;10h00-12h00
Laboratório de Matemática;Quarta;IA - Renato;10h00-12h00
Cálculo em uma Variável;Quinta;IA - Angelo / Renato;10h00-12h00
Cálculo em uma Variável;Quinta;IB - Thiago Castilho / Karen;10h00-12h00
Ciência, Tecnologia e Sociedade;Segunda feira;ICD -  Pereira;13h30-15h30
Química Geral;Terça;IC - Marli;13h30-15h30
Química Geral;Terça;ID - Hugo;13h30-15h30
Cálculo em uma Variável;Quarta;ID - Thiago Castilho / Karen;13h30-15h30
Laboratório de Matemática;Quarta;IC - Renato;13h30-15h30
Lógica de Programação;Quarta;IA - Ezequiel;13h30-15h30
Lógica de Programação;Quarta;IB - Ana Luiza;13h30-15h30
Química Geral;Quinta;IC - Marli;13h30-15h30
Química Geral;Quinta;ID - Hugo;13h30-15h30
Lógica de Programação;Sexta;IA - Ezequiel;13h30-15h30
Lógica de Programação;Sexta;IB - Ana Luiza;13h30-15h30
Ciência, Tecnologia e Sociedade;Segunda feira;IAB -  Pereira;15h30-17h30
Química Geral;Terça;IA - Marli;15h30-17h30
Química Geral;Terça;IB - Hugo;15h30-17h30
Fundamentos de Biologia Moderna (Reof - Veteranos);Terça;IE - Luciane;15h30-17h30
Lógica de Programação;Quarta;IC - Quiles;15h30-17h30
Lógica de Programação;Quarta;ID - Ana Luiza;15h30-17h30
Química Geral;Quinta;IA - Marli;15h30-17h30
Química Geral;Quinta;IB - Hugo;15h30-17h30
Fundamentos de Biologia Moderna (Reof - Veteranos);Quinta;IE - Luciane;15h30-17h30
Lógica de Programação;Sexta;IC - Quiles;15h30-17h30
Lógica de Programação;Sexta;ID - Ana Luiza;15h30-17h30
Ciência, Tecnologia e Sociedade;Segunda feira;NAB - Pereira;19h00 - 21h00
Cálculo em uma Variável;Terça;NA - Daniela/Julio ;19h00 - 21h00
Química Geral;Terça;NB - Raquel;19h00 - 21h00
Lógica de Programação;Quarta;NC- Quiles;19h00 - 21h00
Fundamentos de Biologia Moderna;Quarta;NAB - Michel;19h00 - 21h00
Cálculo em uma Variável;Quinta;NA - Daniela/Julio ;19h00 - 21h00
Química Geral;Quinta;NB - Raquel;19h00 - 21h00
Cálculo em uma Variável;Sexta;NA - Daniela/Julio ;19h00 - 21h00
Lógica de Programação;Sexta;NB - Lilian;19h00 - 21h00
Lógica de Programação;Sexta;NC - Quiles;19h00 - 21h00
Fundamentos de Biologia Moderna;Segunda feira;NAB - Michel;21h00-23h00
Cálculo em uma Variável;Terça;NB - Daniela/Julio ;21h00-23h00
Química Geral;Terça;NA - Raquel;21h00-23h00
Lógica de Programação;Quarta;NA - Otávio;21h00-23h00
Lógica de Programação;Quarta;NB - Lilian;21h00-23h00
Cálculo em uma Variável;Quinta;NB - Daniela/Julio ;21h00-23h00
Química Geral;Quinta;NA - Raquel ;21h00-23h00
Cálculo em uma Variável;Sexta;NB - Daniela/Julio ;21h00-23h00
Lógica de Programação;Sexta;NA - Otávio;21h00-23h00
Fenômenos do Contínuo;Segunda feira;IA - Antonelli;8h00 - 10h00
Probabilidade e Estatística;Segunda feira;IA - Sâmia;8h00 - 10h00
Química Analítica;Segunda feira;I - Sílvia;8h00 - 10h00
Análise de Investimento e Risco;Segunda feira;I - Sato;8h00 - 10h00
Álgebra Linear;Terça;IA - Thadeu;8h00 - 10h00
Fenômenos Mecânicos Experimental;Terça;IA - Thaciana;8h00 - 10h00
Biologia do Desenvolvimento;Terça;I - Luciane;8h00 - 10h00
Probabilidade e Estatística;Quarta;IA - Sâmia;8h00 - 10h00
Fenômenos do Contínuo;Quarta;IA - Antonelli;8h00 - 10h00
Cultura dos Jogos Digitais;Quarta;I - Pereira;8h00 - 10h00
Análise de Investimento e Risco;Quarta;I - Sato;8h00 - 10h00
Álgebra Linear;Quinta;IA - Thadeu;8h00 - 10h00
Fenômenos Mecânicos Experimental;Quinta;IC - Thaciana;8h00 - 10h00
Fenômenos do Contínuo;Segunda feira;IB - Antonelli;10h00-12h00
Probabilidade e Estatística;Segunda feira;IB - Sâmia;10h00-12h00
Química Analítica;Segunda feira;I - Sílvia;10h00-12h00
Álgebra Linear;Terça;IB- Tiago Macedo;10h00-12h00
Fenômenos Mecânicos Experimental;Terça;IB - Thaciana;10h00-12h00
Probabilidade e Estatística;Quarta;IB - Sâmia;10h00-12h00
Fenômenos do Contínuo;Quarta;IB - Antonelli;10h00-12h00
Biologia Molecular da Célula;Quarta;I - Cláudia;10h00-12h00
Álgebra Linear;Quinta;IB- Tiago Macedo;10h00-12h00
Fenômenos Mecânicos Experimental;Quinta;ID - Thaciana;10h00-12h00
Biologia Molecular da Célula;Sexta;I - Cláudia;10h00-12h00
Iniciação aos PEPICT I;Sexta;I - Denise;10h00-12h00
Algoritmos em Bioinformatica;Segunda feira;IA- Shida;13h30-15h30
Cálculo em Várias Variáveis;Segunda feira;IA - Erwin;13h30-15h30
Cálculo em Várias Variáveis;Segunda feira;IB - Robson;13h30-15h30
Microbiologia Aplicada e Industrial;Segunda feira;I - Elisa;13h30-15h30
Algoritmos e Estruturas de Dados I (reof);Segunda feira;I - Arlindo;13h30-15h30
Algoritmos e Estruturas de Dados II;Segunda feira;I - Álvaro;13h30-15h30
Fisiologia Humana I;Terça;IA - Tatiana;13h30-15h30
Álgebra Linear;Terça;IC- Horácio;13h30-15h30
Química Inorgânica;Terça;IA - Sílvia;13h30-15h30
Circuitos Digitais;Terça;IA - Thaina;13h30-15h30
Química Geral Experimental;Quarta;I - Dayane;13h30-15h30
Cálculo em Várias Variáveis;Quarta;IA - Erwin;13h30-15h30
Cálculo em Várias Variáveis;Quarta;IB - Robson;13h30-15h30
Microbiologia Aplicada e Industrial;Quarta;I - Elisa;13h30-15h30
Algoritmos e Estruturas de Dados I (reof);Quarta;I - Arlindo;13h30-15h30
Algoritmos e Estruturas de Dados II;Quarta;I - Álvaro;13h30-15h30
Algoritmos em Bioinformatica;Quarta;IA- Shida;13h30-15h30
Fisiologia Humana I;Quinta;IA - Tatiana;13h30-15h30
Álgebra Linear;Quinta;IC- Horácio;13h30-15h30
Circuitos Digitais;Quinta;IA - Thaina;13h30-15h30
Química Inorgânica;Sexta;IA - Sílvia;13h30-15h30
Circuitos Digitais;Sexta;IC - Cappabianco;13h30-15h30
Laboratório de Bioquímica;Sexta;I - Martin;13h30-15h30
Algoritmos em Bioinformatica;Segunda feira;IB- Shida;15h30-17h30
Cálculo em Várias Variáveis;Segunda feira;IC - Ana Cláudia;15h30-17h30
Cálculo em Várias Variáveis;Segunda feira;ID- Robson;15h30-17h30
Matemática Discreta;Segunda feira;I - Leandro;15h30-17h30
Química Orgânica;Segunda feira;I - João;15h30-17h30
Mecânica Geral;Terça;I - Eudes;15h30-17h30
Fisiologia Humana I;Terça;IB- Flávio;15h30-17h30
Álgebra Linear;Terça;ID - Thiago Macedo;15h30-17h30
Química Inorgânica;Terça;IB - Presley;15h30-17h30
Circuitos Digitais;Terça;IB - Fernanda;15h30-17h30
Física Geral;Terça;I - Fabiano;15h30-17h30
Tecnologia e Meio Ambiente;Terça;I - Maraisa;15h30-17h30
Probabilidade e Estatística;Terça;IC - Flávia;15h30-17h30
Química Geral Experimental;Quarta;I- Dayane;15h30-17h30
Cálculo em Várias Variáveis;Quarta;IC - Ana Cláudia;15h30-17h30
Cálculo em Várias Variáveis;Quarta;ID- Robson;15h30-17h30
Algoritmos em Bioinformatica;Quarta;IB- Shida;15h30-17h30
Química Orgânica;Quarta;I - João;15h30-17h30
Mecânica Geral;Quarta;I - Eudes;15h30-17h30
Matemática Discreta;Quinta;I - Leandro;15h30-17h30
Fisiologia Humana I;Quinta;IB- Flávio;15h30-17h30
Neurociência aplicada ao cotidiano;Quinta;N - Mattos;15h30-17h30
Álgebra Linear;Quinta;ID - Thiago Macedo;15h30-17h30
Circuitos Digitais;Quinta;IB - Fernanda;15h30-17h30
Probabilidade e Estatística;Quinta;IC - Flávia;15h30-17h30
Física Geral;Quinta;I - Fabiano;15h30-17h30
Química Inorgânica;Sexta;IB - Presley;15h30-17h30
Circuitos Digitais;Sexta;IC - Cappabianco;15h30-17h30
Laboratório de Bioquímica;Sexta;I - Martin;15h30-17h30
Algoritmos em Bioinformatica;Segunda feira;N - Martini;19h00 - 21h00
Álgebra Linear;Segunda feira;N- Ana Cláudia;19h00 - 21h00
Algoritmos e Estruturas de Dados I (reof);Segunda feira;N - Arlindo;19h00 - 21h00
Algoritmos e Estruturas de Dados II;Segunda feira;N - Álvaro;19h00 - 21h00
Fenômenos do Contínuo;Segunda feira;NA - Manuel;19h00 - 21h00
Química Orgânica;Segunda feira;N - João;19h00 - 21h00
Mecânica Geral;Terça;N - Eudes;19h00 - 21h00
Fisiologia Humana I;Terça;N - Flávio;19h00 - 21h00
Geometria Analítica ;Terça;N - Luzia;19h00 - 21h00
Química Inorgânica;Terça;N - Elias;19h00 - 21h00
Circuitos Digitais;Terça;NB - Denise;19h00 - 21h00
Tecnologia e Meio Ambiente;Terça;N - Maraisa;19h00 - 21h00
Fenômenos Mecânicos Experimental;Terça;NC - Espírito;19h00 - 21h00
Álgebra Linear;Quarta;N- Ana Cláudia;19h00 - 21h00
Fenômenos do Contínuo;Quarta;NA - Manuel;19h00 - 21h00
Algoritmos e Estruturas de Dados I (reof);Quarta;N - Arlindo;19h00 - 21h00
Algoritmos e Estruturas de Dados II;Quarta;N - Álvaro;19h00 - 21h00
Algoritmos em Bioinformatica;Quarta;N - Martini;19h00 - 21h00
Algoritmos em Bioinformatica;Quarta;N - Martini;19h00 - 21h00
Química Orgânica;Quarta;N - João;19h00 - 21h00
Mecânica Geral;Quarta;N - Eudes;19h00 - 21h00
Fisiologia Humana I;Quinta;N - Flávio;19h00 - 21h00
Neurociência aplicada ao cotidiano;Quinta;N - Mattos;19h00 - 21h00
Geometria Analítica ;Quinta;N - Luzia;19h00 - 21h00
Circuitos Digitais;Quinta;NB - Denise;19h00 - 21h00
Química Inorgânica;Sexta;N - Elias;19h00 - 21h00
Fenômenos Mecânicos Experimental;Sexta;NA - Espirito;19h00 - 21h00
Cálculo em Várias Variáveis;Segunda feira;N - Erwin;21h00-23h00
Fenômenos do Contínuo;Segunda feira;NB - Manuel;21h00-23h00
Probabilidade e Estatística;Terça;N - Julio;21h00-23h00
Fenômenos Mecânicos Experimental;Terça;ND - Espírito;21h00-23h00
Cálculo em Várias Variáveis;Quarta;N - Erwin;21h00-23h00
Fenômenos do Contínuo;Quarta;NB - Manuel;21h00-23h00
Probabilidade e Estatística;Quinta;N - Julio;21h00-23h00
Fenômenos Mecânicos Experimental;Sexta;NB - Espirito;21h00-23h00
Engenharia Bioquímica I;Segunda feira;I - Elisabeth;8h00 - 10h00
Fenômenos Eletromagnéticos Experimental;Terça;IA - Rossano;8h00 - 10h00
Aspectos básicos da ergonomia para engenheiros;Quarta;I - Mattos;8h00 - 10h00
Resistência dos Materiais;Quarta;I - Kátia;8h00 - 10h00
Fenômenos Eletromagnéticos Experimental;Quinta;IC - Rossano;8h00 - 10h00
Resistência dos Materiais;Sexta;I - Kátia;8h00 - 10h00
Econometria;Sexta;I- Scriptore;8h00 - 10h00
Engenharia Bioquímica I;Segunda feira;I - Elisabeth;10h00-12h00
Reciclagem de Materiais ;Segunda feira;I - Lilia;10h00-12h00
Álgebra Linear Computacional;Terça;I - Thadeu;10h00-12h00
Bioética e Biosseguranca;Terça;I - Luciane;10h00-12h00
Materiais Metálicos;Terça;I - Danieli;10h00-12h00
Fenômenos Eletromagnéticos Experimental;Terça;IB - Rossano;10h00-12h00
Aspectos básicos da ergonomia para engenheiros;Quarta;I - Mattos;10h00-12h00
Introdução à Bioinformática;Quarta;I - Andre;10h00-12h00
Fenômenos de Transporte;Quarta;I - Marina;10h00-12h00
Fenômenos Eletromagnéticos Experimental;Quinta;ID - Rossano;10h00-12h00
Materiais Metálicos;Quinta;I - Danieli;10h00-12h00
Álgebra Linear Computacional;Quinta;I - Thadeu;10h00-12h00
Introdução à Bioinformática;Sexta;I - Andre;10h00-12h00
Econometria;Sexta;I - Scriptore;10h00-12h00
Análise Real I;Segunda feira;I - Vanessa Paschoa;13h30-15h30
Tópicos em Tecnologia da Computação II (Desenvolvimento de Aplicativos);Segunda feira;I - Regina;13h30-15h30
Interação Humano-Computador e Experiência do Usuário (UX);Segunda feira;I - Tiago Silva;13h30-15h30
Projeto Orientado a Objetos;Segunda feira;I- Fábio;13h30-15h30
Materiais Poliméricos;Terça;I - Lemes;13h30-15h30
Inteligência Artificial;Terça;I - Faria;13h30-15h30
Lab. de Circuitos Elétricos;Terça;I - Fernanda;13h30-15h30
Sistemas Operacionais ;Terça;I - Bruno;13h30-15h30
Bioquimica Analítica;Terça;I - Conceição;13h30-15h30
Análise Real I;Quarta;I - Vanessa Paschoa;13h30-15h30
Tópicos em Tecnologia da Computação II (Desenvolvimento de Aplicativos);Quarta;I - Regina;13h30-15h30
Interação Humano-Computador e Experiência do Usuário (UX);Quarta;I - Tiago Silva;13h30-15h30
Metaheurísticas;Quarta;I - Chaves;13h30-15h30
Fenômenos de Transporte;Quarta;I - Marina;13h30-15h30
Empreendedorismo;Quarta;I - Iraci;13h30-15h30
Projeto Orientado a Objetos;Quinta;I- Fábio;13h30-15h30
Materiais Poliméricos;Quinta;I - Lemes;13h30-15h30
Inteligência Artificial;Quinta;I - Faria;13h30-15h30
Sistemas Operacionais ;Quinta;I - Bruno;13h30-15h30
Empreendedorismo em Biotecnologia;Quinta;I - Fabiano;13h30-15h30
Bioquimica Analítica;Sexta;I - Conceição;13h30-15h30
Macroeconomia;Sexta;IA - Scriptore;13h30-15h30
Análise de Sinais;Segunda feira;I - Adenauer;15h30-17h30
Teoria dos Grafos;Segunda feira;I - Reginaldo;15h30-17h30
Introdução à Ecologia;Segunda feira;I - Elisa ;15h30-17h30
Materiais Cerâmicos;Segunda feira;I - Quinteiro;15h30-17h30
Segurança Computacional;Segunda feira;I - Valério;15h30-17h30
Circuitos Eletricos II;Terça;I - Paiva;15h30-17h30
Fisiopatologia Cardiorrespiratória;Terça;I- Tatiana;15h30-17h30
Linguagens Formais e Autômatos ;Terça;I - Luis Augusto;15h30-17h30
Tópicos em Fundamentos da Computação I (Simulação);Terça; I - Sanderson;15h30-17h30
Laboratório de Circuitos Elétricos;Terça;IA - Henrique;15h30-17h30
Otimização Linear;Terça;I -Horácio;15h30-17h30
Análise de Sinais;Quarta;I - Adenauer;15h30-17h30
Laboratório de Sistemas Computacionais: Arquitetura e Organização de Computadores;Quarta;I -Sérgio;15h30-17h30
Teoria dos Grafos;Quarta;I - Reginaldo;15h30-17h30
Segurança Computacional;Quarta;I - Valério;15h30-17h30
Metaheurísticas;Quarta;I - Chaves;15h30-17h30
Realidade Virtual e Aumentada;Quarta;I - Ezequiel;15h30-17h30
Introdução à Ecologia;Quarta;I - Elisa ;15h30-17h30
Fundamentos de Administração;Quarta;I - Iraci;15h30-17h30
Materiais Cerâmicos;Quinta;I - Quinteiro;15h30-17h30
Circuitos Eletricos II;Quinta;I - Paiva;15h30-17h30
Fisiopatologia Cardiorrespiratória;Quinta;I- Tatiana;15h30-17h30
Linguagens Formais e Autômatos ;Quinta;I - Luis Augusto;15h30-17h30
Tópicos em Fundamentos da Computação I (Simulação);Quinta; I - Sanderson;15h30-17h30
Otimização Linear;Quinta;I -Horácio;15h30-17h30
Laboratório de Sistemas Computacionais: Arquitetura e Organização de Computadores;Sexta;I -Sérgio;15h30-17h30
Macroeconomia;Sexta;IB - Scriptore;15h30-17h30
Realidade Virtual e Aumentada;Sexta;I - Ezequiel;15h30-17h30
Análise de Sinais;Segunda feira;N - Adenauer;19h00 - 21h00
Tópicos em Tecnologia da Computação III (Bioinformatica avançada);Segunda feira;N- Reginaldo;19h00 - 21h00
Segurança Computacional;Segunda feira;N - Valério;19h00 - 21h00
Projeto Orientado a Objetos;Segunda feira;N - Fábio;19h00 - 21h00
Tópicos em Tecnologia da Computação IV (Aprendizado de Máquina);Segunda feira;N - Márcio;19h00 - 21h00
Circuitos Elétricos II;Terça;N - Henrique;19h00 - 21h00
Projeto e Análise de Algoritmos;Terça;N - Sanderson;19h00 - 21h00
Inteligência Artificial;Terça;N - Faria;19h00 - 21h00
Lab. de Circuitos Elétricos;Terça;I - Fernanda;19h00 - 21h00
Sistemas Operacionais ;Terça;N - Bruno;19h00 - 21h00
Aspectos de Implementação de Banco de Dados;Terça;N - Daniela;19h00 - 21h00
Fenômenos Eletromagnéticos Experimental;Terça;NC - Nirton;19h00 - 21h00
Análise de Sinais;Quarta;N - Adenauer;19h00 - 21h00
Laboratório de Sistemas Computacionais: Arquitetura e Organização de Computadores;Quarta;N -Tiago;19h00 - 21h00
Tópicos em Tecnologia da Computação I (Programação Funcional);Quarta;N - Otávio;19h00 - 21h00
Tópicos em Tecnologia da Computação III (Bioinformatica avançada);Quarta;N- Reginaldo;19h00 - 21h00
Segurança Computacional;Quarta;N - Valério;19h00 - 21h00
Tópicos em Tecnologia da Computação IV (Aprendizado de Máquina);Quarta;N - Márcio;19h00 - 21h00
Projeto Orientado a Objetos;Quarta;N - Fábio;19h00 - 21h00
Fundamentos de Administração;Quarta;N - Iraci;19h00 - 21h00
Circuitos Elétricos II;Quinta;N - Henrique;19h00 - 21h00
Projeto e Análise de Algoritmos;Quinta;N - Sanderson;19h00 - 21h00
Inteligência Artificial;Quinta;N - Faria;19h00 - 21h00
Sistemas Operacionais ;Quinta;N - Bruno;19h00 - 21h00
Aspectos de Implementação de Banco de Dados;Quinta;N - Daniela;19h00 - 21h00
Laboratório de Sistemas Computacionais: Arquitetura e Organização de Computadores;Sexta;N -Tiago;19h00 - 21h00
Fenômenos Eletromagnéticos Experimental;Sexta;NA - Nirton;19h00 - 21h00
Tópicos em Tecnologia da Computação I (Programação Funcional);Sexta;N - Otávio;19h00 - 21h00
Introdução à ótica Biomédica;Segunda feira;N - Martini;21h00-23h00
Teoria dos Grafos;Segunda feira;N - Elbert;21h00-23h00
Linguagens Formais e Autômatos ;Segunda feira;N - Chaves;21h00-23h00
Laboratório de Circuitos Elétricos;Terça;N - Henrique;21h00-23h00
Fenômenos Eletromagnéticos Experimental;Terça;ND - Nirton;21h00-23h00
Introdução à ótica Biomédica;Quarta;N - Martini;21h00-23h00
Teoria dos Grafos ;Quarta;N - Elbert;21h00-23h00
Linguagens Formais e Autômatos ;Quarta;N - Chaves;21h00-23h00
Empreendedorismo;Quarta;I - Iraci;21h00-23h00
Fenômenos Eletromagnéticos Experimental;Sexta;NB - Nirton;21h00-23h00
Modelagem Molecular;Terça;I - Martin;8h00-10h00
Estágio não-obrigatório;Sábado;Elisabeth;8h00-10h00
Modelagem Molecular;Terça;I - Martin;10h00-12h00
Estágio não-obrigatório;Sábado;Elisabeth;10h00-12h00
Imunologia Geral;Segunda feira;I - Loures;13h30-15h30
Biotecnologia Vegetal;Quarta;I - Michael;13h30-15h30
TCC I;Sábado;Elisa;13h30-15h30
TCC II;Sábado;Elisa;13h30-15h30
Imunologia Geral;Segunda feira;I - Loures;15h30-17h30
Fundamentos de Química Medicinal (Antíga QUÍMICA MEDICINAL I);Terça;I - Conceição;15h30-17h30
Biotecnologia Vegetal;Quarta;I - Michael;15h30-17h30
Fundamentos de Química Medicinal (Antíga QUÍMICA MEDICINAL I);Sexta;I - Conceição;15h30-17h30
Bioinformática avançada;Segunda feira;N- Reginaldo;19h00 - 21h00
Modelos Animais;Segunda feira;N - Loures;19h00 - 21h00
Bioinformática avançada;Quarta;N- Reginaldo;19h00 - 21h00
Modelos Animais;Segunda feira;N - Loures;21h00-23h00
 Teoria de Galois;Segunda feira;Grasiele;8h00 - 10h00
Equações Diferenciais Parciais;Terça;I - Gama;8h00 - 10h00
Teoria de Galois;Quarta;Grasiele;8h00 - 10h00
Resolução de Problemas via Modelagem Matemática I;Sexta;I - Leduíno;8h00 - 10h00
Trabalho de Graduação I;Sábado;I - Renato;8h00 - 10h00
Trabalho de Graduação II;Sábado;I - Renato;8h00 - 10h00
Espaços Méttricos;Segunda feira;I - Pedro;10h00-12h00
Espaços Méttricos;Quarta;I - Pedro;10h00-12h00
Resolução de Problemas via Modelagem Matemática I;Sexta;I - Leduíno;10h00-12h00
Trabalho de Graduação I;Sábado;I - Renato;10h00-12h00
Trabalho de Graduação II;Sábado;I - Renato;10h00-12h00
Equações Diferenciais Parciais;Terça;I - Gama;13h30-15h30
Otimização Não Linear;Segunda feira;I - Luis Felipe;15h30-17h30
Otimização Não Linear;Quarta;I - Luis Felipe;15h30-17h30
Biomecânica;Sexta;I-  Kunkel;8h00 - 10h00
Biomecânica;Sexta;I-  Kunkel;10h00-12h00
Transducao de Grandezas Biomedicas;Segunda feira;I - Saraiva;13h30-15h30
Transducao de Grandezas Biomedicas;Quarta;I - Saraiva;13h30-15h30
Imagens Biomedicas;Sexta;I - Matheus;13h30-15h30
Biomateriais;Segunda feira;I - Edson;15h30-17h30
Instrumentos Eletromédicos;Terça;I - Karina;15h30-17h30
Instrumentos Eletromédicos;Quinta;I - Karina;15h30-17h30
Imagens Biomédicas;Sexta;I - Matheus;15h30-17h30
Fenômenos de transporte aplicados a sistemas biológicos;Segunda feira;N - Aletti;19h00 - 21h00
Sistemas Embarcados;Terça;NB- Urban;19h00 - 21h00
Instrumentos Eletromédicos;Terça;N - Karina;19h00 - 21h00
Fenômenos de transporte aplicados a sistemas biológicos;Quarta;N - Aletti;19h00 - 21h00
Biomecânica;Quinta;N-  Aoki;19h00 - 21h00
Instrumentos Eletromédicos;Quinta;N - Karina;19h00 - 21h00
Imagens Biomédicas;Sexta;N - Matheus;19h00 - 21h00
Biomateriais;Segunda feira;N - Edson;21h00-23h00
Sistemas Embarcados;Terça;NB- Urban;21h00-23h00
Biomecânica;Quinta;N-  Aoki;21h00-23h00
Imagens Biomédicas;Sexta;N - Matheus;21h00-23h00
Condicionamento Analógico de Sinais;Quinta;I - Gurjão;8h00 - 10h00
TCC I - Engenharia Biomédica;Sábado;I - Martini;8h00 - 10h00
TCC II - Engenharia Biomédica;Sábado;I - Martini;8h00 - 10h00
Condicionamento Analógico de Sinais;Quinta;I - Gurjão;10h00-12h00
TCC I - Engenharia Biomédica;Sábado;I - Martini;10h00-12h00
TCC II - Engenharia Biomédica;Sábado;I - Martini;10h00-12h00
Projetos Extensionistas em Engenharia Biomédica;Segunda feira;I- Edson;13h30-15h30
Tópicos em Ressonância Magnética Nuclear;Segunda feira;I - Saraiva;15h30-17h30
Tópicos em Ressonância Magnética Nuclear;Quarta;I - Saraiva;15h30-17h30
Projetos Extensionistas em Engenharia Biomédica;Segunda feira;N- Edson;19h00 - 21h00
Bioengenharia;Terça;N - Aoki;19h00 - 21h00
Avanços em Engenharia Biomédica;Quinta;NA - Urban;19h00 - 21h00
Desenvolvimento de novos negócios em Engenharia;Quinta;N - Fabiano;19h00 - 21h00
Bioengenharia;Terça;N - Aoki;21h00-23h00
Avanços em Engenharia Biomédica;Quinta;NB - Urban;21h00-23h00
Reologia dos Materiais;Segunda feira;I - Lilia;8h00-10h00
 ;Segunda feira;None;8h00-10h00
Síntese de Polímeros;Terça;I - Mauricio;8h00-10h00
Metalurgia de Ligas Aeronáuticas;Terça;I - Danieli;8h00-10h00
Metalurgia de Ligas Aeronáuticas;Quinta;I - Danieli;8h00-10h00
 ;Segunda feira;None;10h00-12h00
Síntese de Polímeros;Terça;I - Mauricio;10h00-12h00
Metalurgia Física;Quarta;I - Katia;10h00-12h00
Metalurgia Física;Sexta;I - Katia;10h00-12h00
Matérias-primas Cerâmicas;Segunda feira;I - Quinteiro;13h30-15h30
Técnicas Experimentais;Terça;IB - Capella;13h30-15h30
Matérias-primas Cerâmicas;Quarta;I - Quinteiro;13h30-15h30
Técnicas Experimentais;Quinta;IA - Albers;13h30-15h30
Técnicas Experimentais;Terça;IB - Capella;15h30-17h30
Técnicas Experimentais;Quinta;IA - Albers;15h30-17h30
Síntese de Polímeros;Terça;N - Mauricio;19h00-21h00
Síntese de Polímeros;Terça;N - Mauricio;21h00-23h00
TCC-I;Sábado;I - Danieli;8h00-10h00
TCC-II;Sábado;I - Danieli;8h00-10h00
TCC-I;Sábado;I - Danieli;10h00-12h00
TCC-II;Sábado;I - Danieli;10h00-12h00
Metalurgia do pó;Sexta;I - Gisele;13h30-15h30
ECOS-EM;Sábado;I - Dilermando;13h30-15h30
Engenharia de Produtos Cerâmicos;Segunda feira;I - Albers;15h30-17h30
Processamento de Termoplásticos;Terça;I - Passador;15h30-17h30
Tópicos Especiais em Ciência e Eng. de Materiais  IV - Aditivação de Polímeros;Terça;I - Lemes;15h30-17h30
Corrosão e Degradação de Materiais;Quarta; I - Maraisa;15h30-17h30
Processamento de Materiais Metálicos;Quinta;I - Dilermando;15h30-17h30
Tópicos Especiais em Ciência e Eng. de Materiais  IV - Aditivação de Polímeros;Quinta;I - Lemes;15h30-17h30
Metalurgia Extrativa;Sexta;I - Gisele;15h30-17h30
ECOS-EM;Sábado;I - Dilermando;15h30-17h30
Engenharia de Produtos Cerâmicos;Segunda feira;N - Albers;19h00-21h00
Processamento de Termoplásticos;Terça;N - Passador;19h00-21h00
Corrosão e Degradação de Materiais;Quarta; N - Maraisa;19h00-21h00
Processamento de Materiais Metálicos;Quinta;N - Dilermando;19h00-21h00
Projetos Extensionistas da EM;Sábado;N- Capella;19h00-21h00
Projetos Extensionistas da EM;Sábado;N- Capella;21h00-23h00
TCC I - BCC;Sábado;I - Daniela;8h00 - 10h00
TCC II - BCC;Sábado;I - Daniela;8h00 - 10h00
TCC I - BCC;Sábado;I - Daniela;10h00-12h00
TCC II - BCC;Sábado;I - Daniela;10h00-12h00
Laboratório de Controle Aplicado;Segunda feira;I - Marcorin;13h30-15h30
Seminários Interdisciplinares;Terça;I - Luis Augusto;13h30-15h30
Introdução a Materiais Elétricos;Terça;I - Presley;13h30-15h30
Projetos em Engenharia de Computação ;Quarta;I - Tiago;13h30-15h30
Projetos em Engenharia de Computação ;Sexta;I - Tiago;13h30-15h30
Sistemas Embarcados;Segunda feira;I - Galvão;15h30-17h30
Laboratório de Sistemas Computacionais: Compiladores;Terça;I - Thaina;15h30-17h30
Sistemas Embarcados;Quarta;I - Galvão;15h30-17h30
Laboratório de Sistemas Computacionais: Compiladores;Quinta;I - Thaina;15h30-17h30
Sistemas Embarcados;Segunda feira;NA -  Sergio/Marcorin;19h00 - 21h00
Sistemas Embarcados;Quarta;NA -  Sergio/Marcorin;19h00 - 21h00
Seminários Interdisciplinares;Quinta;N - Luis Augusto;19h00 - 21h00
Laboratório de Controle Aplicado;Sexta;N - Sérgio;19h00 - 21h00
Laboratório de Sistemas Computacionais: Compiladores;Segunda feira;N - Galvão;21h00-23h00
Introdução a Materiais Elétricos;Terça;I - Presley;21h00-23h00
Projetos em Engenharia de Computação ;Terça;N - Denise;21h00-23h00
Laboratório de Sistemas Computacionais: Compiladores;Quarta;N - Galvão;21h00-23h00
Projetos em Engenharia de Computação ;Quinta;N - Denise;21h00-23h00
ECOS-EC;Segunda feira;I - Daniela;8h00 - 10h00
ECOS-EC;Terça;I - Daniela;8h00 - 10h00
ECOS-EC;Quarta;I - Daniela;8h00 - 10h00
ECOS-EC;Quinta;I - Daniela;8h00 - 10h00
ECOS-EC;Sexta;I - Daniela;8h00 - 10h00
TCC II - EC;Sábado;I - Sérgio;8h00 - 10h00
TCC II - EC;Sábado;I - Sérgio;10h00-12h00
TCC II - EC;Sábado;I - Sérgio;13h30-15h30
TCC I - EC;Quinta;I - Daniela;15h30-17h30
TCC II - EC;Sábado;I - Sérgio;15h30-17h30
Laboratório de Sistemas Computacionais: Comunicação Digital ;Terça;N - Lauro;19h00 - 21h00
Laboratório de Sistemas Computacionais: Comunicação Digital ;Quinta;N - Lauro;19h00 - 21h00
TCC I - EC;Terça;N - Daniela;21h00-23h00
